{
  "baseline": {
    "model": "baseline",
    "overall_accuracy": 0.8901234567901235,
    "macro_f1": 0.887759680375139,
    "per_class_accuracy": {
      "AnnualCrop": 0.8813559322033898,
      "Forest": 0.9638009049773756,
      "HerbaceousVegetation": 0.7532751091703057,
      "Highway": 0.8235294117647058,
      "Industrial": 0.9523809523809523,
      "Pasture": 0.919732441471572,
      "PermanentCrop": 0.8548812664907651,
      "Residential": 0.9666666666666667,
      "River": 0.8106666666666666,
      "SeaLake": 0.9802955665024631
    },
    "confusion_matrix": [
      [
        416,
        3,
        1,
        2,
        0,
        10,
        10,
        0,
        13,
        17
      ],
      [
        0,
        426,
        2,
        0,
        0,
        7,
        0,
        0,
        3,
        4
      ],
      [
        7,
        4,
        345,
        10,
        4,
        13,
        42,
        11,
        19,
        3
      ],
      [
        8,
        0,
        6,
        322,
        10,
        6,
        17,
        4,
        18,
        0
      ],
      [
        0,
        0,
        0,
        9,
        360,
        0,
        3,
        5,
        1,
        0
      ],
      [
        5,
        5,
        4,
        1,
        0,
        275,
        1,
        0,
        4,
        4
      ],
      [
        14,
        0,
        19,
        6,
        0,
        1,
        324,
        4,
        11,
        0
      ],
      [
        0,
        0,
        1,
        5,
        7,
        0,
        1,
        435,
        1,
        0
      ],
      [
        18,
        2,
        1,
        25,
        4,
        15,
        5,
        0,
        304,
        1
      ],
      [
        1,
        0,
        0,
        0,
        0,
        0,
        0,
        0,
        7,
        398
      ]
    ],
    "classification_report": "                      precision    recall  f1-score   support\n\n          AnnualCrop     0.8870    0.8814    0.8842       472\n              Forest     0.9682    0.9638    0.9660       442\nHerbaceousVegetation     0.9103    0.7533    0.8244       458\n             Highway     0.8474    0.8235    0.8353       391\n          Industrial     0.9351    0.9524    0.9436       378\n             Pasture     0.8410    0.9197    0.8786       299\n       PermanentCrop     0.8040    0.8549    0.8286       379\n         Residential     0.9477    0.9667    0.9571       450\n               River     0.7979    0.8107    0.8042       375\n             SeaLake     0.9321    0.9803    0.9556       406\n\n            accuracy                         0.8901      4050\n           macro avg     0.8871    0.8907    0.8878      4050\n        weighted avg     0.8910    0.8901    0.8894      4050\n"
  },
  "resnet50": {
    "model": "resnet50",
    "overall_accuracy": 0.9827160493827161,
    "macro_f1": 0.9823580773286811,
    "per_class_accuracy": {
      "AnnualCrop": 0.9915254237288136,
      "Forest": 0.9841628959276018,
      "HerbaceousVegetation": 0.9781659388646288,
      "Highway": 0.989769820971867,
      "Industrial": 0.9814814814814815,
      "Pasture": 0.9565217391304348,
      "PermanentCrop": 0.9656992084432717,
      "Residential": 0.9888888888888889,
      "River": 0.9813333333333333,
      "SeaLake": 1.0
    },
    "confusion_matrix": [
      [
        468,
        1,
        0,
        0,
        0,
        0,
        2,
        0,
        0,
        1
      ],
      [
        0,
        435,
        2,
        0,
        0,
        2,
        0,
        0,
        1,
        2
      ],
      [
        0,
        2,
        448,
        0,
        0,
        3,
        4,
        0,
        1,
        0
      ],
      [
        1,
        0,
        0,
        387,
        0,
        0,
        1,
        0,
        2,
        0
      ],
      [
        0,
        0,
        0,
        1,
        371,
        0,
        2,
        4,
        0,
        0
      ],
      [
        8,
        0,
        3,
        1,
        0,
        286,
        0,
        0,
        0,
        1
      ],
      [
        7,
        0,
        5,
        0,
        1,
        0,
        366,
        0,
        0,
        0
      ],
      [
        0,
        0,
        3,
        0,
        2,
        0,
        0,
        445,
        0,
        0
      ],
      [
        0,
        0,
        0,
        6,
        0,
        0,
        0,
        0,
        368,
        1
      ],
      [
        0,
        0,
        0,
        0,
        0,
        0,
        0,
        0,
        0,
        406
      ]
    ],
    "classification_report": "                      precision    recall  f1-score   support\n\n          AnnualCrop     0.9669    0.9915    0.9791       472\n              Forest     0.9932    0.9842    0.9886       442\nHerbaceousVegetation     0.9718    0.9782    0.9750       458\n             Highway     0.9797    0.9898    0.9847       391\n          Industrial     0.9920    0.9815    0.9867       378\n             Pasture     0.9828    0.9565    0.9695       299\n       PermanentCrop     0.9760    0.9657    0.9708       379\n         Residential     0.9911    0.9889    0.9900       450\n               River     0.9892    0.9813    0.9853       375\n             SeaLake     0.9878    1.0000    0.9939       406\n\n            accuracy                         0.9827      4050\n           macro avg     0.9831    0.9818    0.9824      4050\n        weighted avg     0.9828    0.9827    0.9827      4050\n"
  },
  "efficientnet": {
    "model": "efficientnet",
    "overall_accuracy": 0.9059259259259259,
    "macro_f1": 0.9040743530426681,
    "per_class_accuracy": {
      "AnnualCrop": 0.9279661016949152,
      "Forest": 0.9276018099547512,
      "HerbaceousVegetation": 0.8995633187772926,
      "Highway": 0.8439897698209718,
      "Industrial": 0.9444444444444444,
      "Pasture": 0.8729096989966555,
      "PermanentCrop": 0.8548812664907651,
      "Residential": 0.9777777777777777,
      "River": 0.8346666666666667,
      "SeaLake": 0.9458128078817734
    },
    "confusion_matrix": [
      [
        438,
        5,
        1,
        3,
        0,
        7,
        8,
        0,
        6,
        4
      ],
      [
        0,
        410,
        11,
        0,
        0,
        9,
        0,
        4,
        3,
        5
      ],
      [
        0,
        10,
        412,
        2,
        1,
        5,
        8,
        14,
        4,
        2
      ],
      [
        18,
        0,
        6,
        330,
        8,
        2,
        4,
        7,
        15,
        1
      ],
      [
        0,
        0,
        0,
        2,
        357,
        0,
        1,
        17,
        1,
        0
      ],
      [
        7,
        9,
        7,
        3,
        0,
        261,
        7,
        0,
        4,
        1
      ],
      [
        14,
        0,
        28,
        4,
        0,
        1,
        324,
        5,
        3,
        0
      ],
      [
        0,
        3,
        2,
        1,
        3,
        0,
        1,
        440,
        0,
        0
      ],
      [
        8,
        0,
        3,
        31,
        4,
        8,
        3,
        3,
        313,
        2
      ],
      [
        2,
        6,
        2,
        0,
        0,
        2,
        0,
        0,
        10,
        384
      ]
    ],